name,time,score
doctr_db_mobilenet_v3_large_crnn_vgg16_bn,27.16713810000001,0.234375
doctr_db_mobilenet_v3_large_crnn_vgg16_bn,27.905646399999995,0.625
doctr_db_mobilenet_v3_large_crnn_mobilenet_v3_small,26.846239499999996,0.234375
doctr_db_mobilenet_v3_large_crnn_mobilenet_v3_small,26.64170180000002,0.625
doctr_db_resnet50_crnn_vgg16_bn,25.507383199999992,0.234375
doctr_db_resnet50_crnn_vgg16_bn,26.247127500000005,0.625
doctr_db_resnet50_crnn_mobilenet_v3_small,25.44344749999999,0.234375
doctr_db_resnet50_crnn_mobilenet_v3_small,26.942395000000033,0.625
doctr_db_resnet50_rotation_crnn_vgg16_bn,26.03884089999997,0.234375
doctr_db_resnet50_rotation_crnn_vgg16_bn,25.559470499999975,0.625
doctr_db_resnet50_rotation_crnn_mobilenet_v3_small,25.599183400000015,0.234375
doctr_db_resnet50_rotation_crnn_mobilenet_v3_small,25.814139599999976,0.625
pytesseract_-l eng+grc -c tessedit_char_blacklist=0123456789 --psm 11_15,0.32197309999901336,1.0
pytesseract_-l eng+grc -c tessedit_char_blacklist=0123456789 --psm 11_15,0.29911739999079145,0.0
pytesseract_-l eng+grc -c tessedit_char_blacklist=0123456789 --psm 11_15,0.4056315000052564,0.0
pytesseract_-l eng+grc -c tessedit_char_blacklist=0123456789 --psm 11_15,0.3039600000047358,0.0
pytesseract_-l eng+grc -c tessedit_char_blacklist=0123456789 --psm 11_15,0.3158287999976892,0.0
pytesseract_-l eng+grc -c tessedit_char_blacklist=0123456789 --psm 11_15,0.3050144000008004,0.5
pytesseract_-l eng+grc -c tessedit_char_blacklist=0123456789 --psm 11_15,0.28852719999849796,0.0
pytesseract_-l eng+grc -c tessedit_char_blacklist=0123456789 --psm 11_15,0.2631919999985257,0.0
pytesseract_-l eng+grc -c tessedit_char_blacklist=0123456789 --psm 11_15,0.418785800007754,0.0
pytesseract_-l eng+grc -c tessedit_char_blacklist=0123456789 --psm 11_15,0.32628930000646506,0.0
pytesseract_-l eng+grc -c tessedit_char_blacklist=0123456789 --psm 11_15,0.4275727000058396,0.0
pytesseract_-l eng+grc -c tessedit_char_blacklist=0123456789 --psm 11_15,0.362650199997006,1.0
pytesseract_-l eng+grc -c tessedit_char_blacklist=0123456789 --psm 11_15,0.34358820000488777,0.2
pytesseract_-l eng+grc -c tessedit_char_blacklist=0123456789 --psm 11_15,0.3343650000024354,0.5
pytesseract_-l eng+grc -c tessedit_char_blacklist=0123456789 --psm 11_15,0.31422469999233726,0.25
pytesseract_-l eng+grc -c tessedit_char_blacklist=0123456789 --psm 11_15,0.2888113999943016,1.0
pytesseract_-l eng+grc -c tessedit_char_blacklist=0123456789 --psm 11_15,0.2841019000043161,1.0
pytesseract_-l eng+grc -c tessedit_char_blacklist=0123456789 --psm 11_15,0.2754562999907648,1.0
pytesseract_-l eng+grc -c tessedit_char_blacklist=0123456789 --psm 11_15,0.3158198999881279,0.5
pytesseract_-l eng+grc -c tessedit_char_blacklist=0123456789 --psm 11_15,0.30395749998569954,1.0
pytesseract_-l eng+grc -c tessedit_char_blacklist=0123456789 --psm 11_15,0.3324830000055954,1.0
pytesseract_-l eng+grc -c tessedit_char_blacklist=0123456789 --psm 11_15,0.285834900001646,0.0
pytesseract_-l eng+grc -c tessedit_char_blacklist=0123456789 --psm 11_15,0.2864782999968156,1.0
pytesseract_-l eng+grc -c tessedit_char_blacklist=0123456789 --psm 11_15,0.327344000004814,1.0
pytesseract_-l eng+grc -c tessedit_char_blacklist=0123456789 --psm 11_15,0.3036200999922585,0.0
pytesseract_-l eng+grc -c tessedit_char_blacklist=0123456789 --psm 11_15,0.3867129999998724,1.0
pytesseract_-l eng+grc -c tessedit_char_blacklist=0123456789 --psm 11_15,0.3095975000032922,0.5
pytesseract_-l eng+grc -c tessedit_char_blacklist=0123456789 --psm 11_15,0.41135120000399183,0.5
pytesseract_-l eng+grc -c tessedit_char_blacklist=0123456789 --psm 11_15,0.28903929999796674,1.0
pytesseract_-l eng+grc -c tessedit_char_blacklist=0123456789 --psm 11_15,0.3235988999949768,0.0
pytesseract_-l eng+grc -c tessedit_char_blacklist=0123456789 --psm 11_15,0.2756164999882458,1.0
pytesseract_-l eng+grc -c tessedit_char_blacklist=0123456789 --psm 11_15,0.2959248000115622,0.5
pytesseract_-l eng+grc -c tessedit_char_blacklist=0123456789 --psm 11_15,0.3287662999937311,1.0
pytesseract_-l eng+grc -c tessedit_char_blacklist=0123456789 --psm 11_15,0.31884310000168625,0.0
pytesseract_-l eng+grc -c tessedit_char_blacklist=0123456789 --psm 11_15,0.37192079999658745,0.0
pytesseract_-l eng+grc -c tessedit_char_blacklist=0123456789 --psm 11_15,0.32231339999998454,1.0
pytesseract_-l eng+grc -c tessedit_char_blacklist=0123456789 --psm 11_15,0.4662543000013102,1.0
pytesseract_-l eng+grc -c tessedit_char_blacklist=0123456789 --psm 11_15,0.3089293999946676,1.0
pytesseract_-l eng+grc -c tessedit_char_blacklist=0123456789 --psm 11_15,0.27959410000767093,1.0
pytesseract_-l eng+grc -c tessedit_char_blacklist=0123456789 --psm 11_15,0.310519500009832,0.5
pytesseract_-l eng+grc -c tessedit_char_blacklist=0123456789 --psm 11_15,0.267987200000789,0.75
pytesseract_-l eng+grc -c tessedit_char_blacklist=0123456789 --psm 11_15,0.36712460000126157,0.3333333333333333
pytesseract_-l eng+grc -c tessedit_char_blacklist=0123456789 --psm 11_15,0.3175742000021273,0.5
pytesseract_-l eng+grc -c tessedit_char_blacklist=0123456789 --psm 11_15,0.32286820000445005,0.3333333333333333
pytesseract_-l eng+grc -c tessedit_char_blacklist=0123456789 --psm 11_15,0.28904570000304375,1.0
pytesseract_-l eng+grc -c tessedit_char_blacklist=0123456789 --psm 11_15,0.34109000000171363,0.0
pytesseract_-l eng+grc -c tessedit_char_blacklist=0123456789 --psm 11_15,0.31975199999578763,0.0
pytesseract_-l eng+grc -c tessedit_char_blacklist=0123456789 --psm 11_15,0.2911374999966938,1.0
pytesseract_-l eng+grc -c tessedit_char_blacklist=0123456789 --psm 11_15,0.32126130000688136,1.0
pytesseract_-l eng+grc -c tessedit_char_blacklist=0123456789 --psm 11_15,0.3241462000005413,1.0
pytesseract_-l eng+grc -c tessedit_char_blacklist=0123456789 --psm 11_15,0.3832933999947272,1.0
pytesseract_-l eng+grc -c tessedit_char_blacklist=0123456789 --psm 11_15,0.28989200000069104,0.0
pytesseract_-l eng+grc -c tessedit_char_blacklist=0123456789 --psm 11_15,0.3704938999871956,0.0
pytesseract_-l eng+grc -c tessedit_char_blacklist=0123456789 --psm 11_15,0.29490330000407994,0.0
pytesseract_-l eng+grc -c tessedit_char_blacklist=0123456789 --psm 11_15,0.3209482000092976,0.5
pytesseract_-l eng+grc -c tessedit_char_blacklist=0123456789 --psm 11_15,0.3301558999955887,0.2
pytesseract_-l eng+grc -c tessedit_char_blacklist=0123456789 --psm 11_15,0.42545970001083333,1.0
pytesseract_-l eng+grc -c tessedit_char_blacklist=0123456789 --psm 11_15,0.31650129999616183,0.3333333333333333
pytesseract_-l eng+grc -c tessedit_char_blacklist=0123456789 --psm 11_15,0.34228199999779463,0.0
pytesseract_-l eng+grc -c tessedit_char_blacklist=0123456789 --psm 11_15,0.34756059999926947,1.0
pytesseract_-l eng+grc -c tessedit_char_blacklist=0123456789 --psm 11_15,0.3311537999979919,0.0
pytesseract_-l eng+grc -c tessedit_char_blacklist=0123456789 --psm 11_15,0.2917198999930406,0.0
pytesseract_-l eng+grc -c tessedit_char_blacklist=0123456789 --psm 11_15,0.3318013999960385,0.0
pytesseract_-l eng+grc -c tessedit_char_blacklist=0123456789 --psm 11_15,0.38901079999050125,1.0
pytesseract_-l eng+grc -c tessedit_char_blacklist=0123456789 --psm 11_15,0.31044390000170097,0.0
pytesseract_-l eng+grc -c tessedit_char_blacklist=0123456789 --psm 11_15,0.3197465999983251,0.75
pytesseract_-l eng+grc -c tessedit_char_blacklist=0123456789 --psm 11_15,0.390766700002132,0.0
pytesseract_-l eng+grc -c tessedit_char_blacklist=0123456789 --psm 11_15,0.3212238999985857,0.75
pytesseract_-l eng+grc -c tessedit_char_blacklist=0123456789 --psm 11_15,0.3326057999947807,1.0
pytesseract_-l eng+grc -c tessedit_char_blacklist=0123456789 --psm 11_15,0.3524694000079762,0.75
pytesseract_-l eng+grc -c tessedit_char_blacklist=0123456789 --psm 11_15,0.305225000003702,0.5
pytesseract_-l eng+grc -c tessedit_char_blacklist=0123456789 --psm 11_15,0.34298519999720156,0.0
pytesseract_-l eng+grc -c tessedit_char_blacklist=0123456789 --psm 11_15,0.32292530000268016,0.0
pytesseract_-l eng+grc -c tessedit_char_blacklist=0123456789 --psm 11_15,0.27698020001116674,0.5
pytesseract_-l eng+grc -c tessedit_char_blacklist=0123456789 --psm 11_15,0.27116569998906925,0.0
pytesseract_-l eng+grc -c tessedit_char_blacklist=0123456789 --psm 11_15,0.28769630000169855,1.0
pytesseract_-l eng+grc -c tessedit_char_blacklist=0123456789 --psm 11_15,0.3202232999901753,0.0
pytesseract_-l eng+grc -c tessedit_char_blacklist=0123456789 --psm 11_15,0.34086159999424126,0.0
pytesseract_-l eng+grc -c tessedit_char_blacklist=0123456789 --psm 11_15,0.38214409998909105,0.0
pytesseract_-l eng+grc -c tessedit_char_blacklist=0123456789 --psm 11_15,0.302821799996309,0.0
pytesseract_-l eng+grc -c tessedit_char_blacklist=0123456789 --psm 11_15,0.38332269999955315,0.0
pytesseract_-l eng+grc -c tessedit_char_blacklist=0123456789 --psm 11_15,0.3353365999937523,0.5
pytesseract_-l eng+grc -c tessedit_char_blacklist=0123456789 --psm 11_15,0.32301870000083,1.0
pytesseract_-l eng+grc -c tessedit_char_blacklist=0123456789 --psm 11_15,0.26174959998752456,0.0
pytesseract_-l eng+grc -c tessedit_char_blacklist=0123456789 --psm 11_15,0.31633420000434853,0.5
pytesseract_-l eng+grc -c tessedit_char_blacklist=0123456789 --psm 11_15,0.28124149999348447,0.25
pytesseract_-l eng+grc -c tessedit_char_blacklist=0123456789 --psm 11_15,0.3192808000021614,0.0
pytesseract_-l eng+grc -c tessedit_char_blacklist=0123456789 --psm 11_15,0.28453190000436734,0.0
pytesseract_-l eng+grc -c tessedit_char_blacklist=0123456789 --psm 11_15,0.3118742999940878,0.0
pytesseract_-l eng+grc -c tessedit_char_blacklist=0123456789 --psm 11_15,0.32461029999831226,0.25
pytesseract_-l eng+grc -c tessedit_char_blacklist=0123456789 --psm 11_15,0.31155240000225604,1.0
pytesseract_-l eng+grc -c tessedit_char_blacklist=0123456789 --psm 11_15,0.2859596999915084,0.0
pytesseract_-l eng+grc -c tessedit_char_blacklist=0123456789 --psm 11_15,0.319878800000879,0.0
pytesseract_-l eng+grc -c tessedit_char_blacklist=0123456789 --psm 11_15,0.30921540000417735,0.25
pytesseract_-l eng+grc -c tessedit_char_blacklist=0123456789 --psm 11_15,0.34227870000177063,0.0
pytesseract_-l eng+grc -c tessedit_char_blacklist=0123456789 --psm 11_15,0.36256489998777397,1.0
pytesseract_-l eng+grc -c tessedit_char_blacklist=0123456789 --psm 11_15,0.2652564999880269,0.75
pytesseract_-l eng+grc -c tessedit_char_blacklist=0123456789 --psm 11_15,0.3042472999950405,0.25
pytesseract_-l eng+grc -c tessedit_char_blacklist=0123456789 --psm 11_15,0.31422220000240486,0.25
pytesseract_-l eng+grc -c tessedit_char_blacklist=0123456789 --psm 11_15,0.2991403000050923,1.0
pytesseract_-l eng+grc -c tessedit_char_blacklist=0123456789 --psm 11_15,0.2789638999965973,0.0
pytesseract_-l eng+grc -c tessedit_char_blacklist=0123456789 --psm 11_15,0.291477799997665,0.0
pytesseract_-l eng+grc -c tessedit_char_blacklist=0123456789 --psm 11_15,0.3072334000025876,0.0
pytesseract_-l eng+grc -c tessedit_char_blacklist=0123456789 --psm 11_15,0.3290651999996044,0.0
pytesseract_-l eng+grc -c tessedit_char_blacklist=0123456789 --psm 11_15,0.32602459999907296,1.0
pytesseract_-l eng+grc -c tessedit_char_blacklist=0123456789 --psm 11_15,0.28517960000317544,1.0
pytesseract_-l eng+grc -c tessedit_char_blacklist=0123456789 --psm 11_15,0.27202679999754764,1.0
pytesseract_-l eng+grc -c tessedit_char_blacklist=0123456789 --psm 11_15,0.27861989999655634,1.0
pytesseract_-l eng+grc -c tessedit_char_blacklist=0123456789 --psm 11_15,0.3178559999942081,0.0
pytesseract_-l eng+grc -c tessedit_char_blacklist=0123456789 --psm 11_15,0.25238989999343175,0.0
pytesseract_-l eng+grc -c tessedit_char_blacklist=0123456789 --psm 11_15,0.4561747999978252,0.0
pytesseract_-l eng+grc -c tessedit_char_blacklist=0123456789 --psm 11_15,0.2897475000063423,1.0
pytesseract_-l eng+grc -c tessedit_char_blacklist=0123456789 --psm 11_15,0.3227552000025753,0.3333333333333333
pytesseract_-l eng+grc -c tessedit_char_blacklist=0123456789 --psm 11_15,0.3579631999891717,0.0
pytesseract_-l eng+grc -c tessedit_char_blacklist=0123456789 --psm 11_15,0.32685830000264104,0.0
pytesseract_-l eng+grc -c tessedit_char_blacklist=0123456789 --psm 11_15,0.3331973000022117,0.6666666666666666
pytesseract_-l eng+grc -c tessedit_char_blacklist=0123456789 --psm 11_15,0.32373899999947753,0.0
pytesseract_-l eng+grc -c tessedit_char_blacklist=0123456789 --psm 11_15,0.2839469000027748,1.0
pytesseract_-l eng+grc -c tessedit_char_blacklist=0123456789 --psm 11_15,0.3030309000023408,0.0
pytesseract_-l eng+grc -c tessedit_char_blacklist=0123456789 --psm 11_15,0.3073370999918552,0.0
pytesseract_-l eng+grc -c tessedit_char_blacklist=0123456789 --psm 11_15,0.41115220000210684,1.0
pytesseract_-l eng+grc -c tessedit_char_blacklist=0123456789 --psm 11_15,0.34744169999612495,0.0
pytesseract_-l eng+grc -c tessedit_char_blacklist=0123456789 --psm 11_15,0.28708009999536444,1.0
pytesseract_-l eng+grc -c tessedit_char_blacklist=0123456789 --psm 11_15,0.3168857999989996,0.0
pytesseract_-l eng+grc -c tessedit_char_blacklist=0123456789 --psm 11_15,0.3334959999920102,0.0
pytesseract_-l eng+grc -c tessedit_char_blacklist=0123456789 --psm 11_15,0.2858377999946242,1.0
pytesseract_-l eng+grc -c tessedit_char_blacklist=0123456789 --psm 11_15,0.3582278999965638,0.0
pytesseract_-l eng+grc -c tessedit_char_blacklist=0123456789 --psm 11_15,0.35958669999672566,1.0
pytesseract_-l eng+grc -c tessedit_char_blacklist=0123456789 --psm 11_15,0.3462359999975888,0.0
pytesseract_-l eng+grc -c tessedit_char_blacklist=0123456789 --psm 11_15,0.30860410000605043,1.0
pytesseract_-l eng+grc -c tessedit_char_blacklist=0123456789 --psm 11_15,0.287959299996146,0.3333333333333333
pytesseract_-l eng+grc -c tessedit_char_blacklist=0123456789 --psm 11_15,0.3208007000066573,0.25
pytesseract_-l eng+grc -c tessedit_char_blacklist=0123456789 --psm 11_15,0.3561557999928482,0.3333333333333333
pytesseract_-l eng+grc -c tessedit_char_blacklist=0123456789 --psm 11_15,0.34752799999841955,0.6666666666666666
pytesseract_-l eng+grc -c tessedit_char_blacklist=0123456789 --psm 11_15,0.3204799999948591,1.0
pytesseract_-l eng+grc -c tessedit_char_blacklist=0123456789 --psm 11_15,0.24482399999396876,0.0
pytesseract_-l eng+grc -c tessedit_char_blacklist=0123456789 --psm 11_15,0.2848680000024615,1.0
pytesseract_-l eng+grc -c tessedit_char_blacklist=0123456789 --psm 11_15,0.331818699996802,1.0
pytesseract_-l eng+grc -c tessedit_char_blacklist=0123456789 --psm 11_15,0.3174338000098942,0.0
pytesseract_-l eng+grc -c tessedit_char_blacklist=0123456789 --psm 11_15,0.3075925999874016,0.0
pytesseract_-l eng+grc -c tessedit_char_blacklist=0123456789 --psm 11_15,0.3497295999986818,0.3333333333333333
pytesseract_-l eng+grc -c tessedit_char_blacklist=0123456789 --psm 11_15,0.3349185999977635,0.0
pytesseract_-l eng+grc -c tessedit_char_blacklist=0123456789 --psm 11_15,0.33290400000987574,1.0
pytesseract_-l eng+grc -c tessedit_char_blacklist=0123456789 --psm 11_15,0.3718797000037739,0.0
pytesseract_-l eng+grc -c tessedit_char_blacklist=0123456789 --psm 11_15,0.30885960000159685,1.0
pytesseract_-l eng+grc -c tessedit_char_blacklist=0123456789 --psm 11_15,0.347465499988175,1.0
pytesseract_-l eng+grc -c tessedit_char_blacklist=0123456789 --psm 11_15,0.3612334999925224,0.5
pytesseract_-l eng+grc -c tessedit_char_blacklist=0123456789 --psm 11_15,0.2740044999954989,1.0
pytesseract_-l eng+grc -c tessedit_char_blacklist=0123456789 --psm 11_15,0.33126000000629574,1.0
pytesseract_-l eng+grc -c tessedit_char_blacklist=0123456789 --psm 11_15,0.2860431000008248,0.6666666666666666
pytesseract_-l eng+grc -c tessedit_char_blacklist=0123456789 --psm 11_15,0.32441600000311155,1.0
pytesseract_-l eng+grc -c tessedit_char_blacklist=0123456789 --psm 11_15,0.3256237999885343,1.0
pytesseract_-l eng+grc -c tessedit_char_blacklist=0123456789 --psm 11_15,0.3057217000023229,0.0
pytesseract_-l eng+grc -c tessedit_char_blacklist=0123456789 --psm 11_15,0.3631671000039205,1.0
pytesseract_-l eng+grc -c tessedit_char_blacklist=0123456789 --psm 11_15,0.24938019999535754,1.0
pytesseract_-l eng+grc -c tessedit_char_blacklist=0123456789 --psm 11_15,0.33181479999620933,1.0
pytesseract_-l eng+grc -c tessedit_char_blacklist=0123456789 --psm 11_15,0.32225430000107735,1.0
pytesseract_-l eng+grc -c tessedit_char_blacklist=0123456789 --psm 11_15,0.3043734999955632,1.0
pytesseract_-l eng+grc -c tessedit_char_blacklist=0123456789 --psm 11_15,0.32163500000024214,0.5
pytesseract_-l eng+grc -c tessedit_char_blacklist=0123456789 --psm 11_15,0.3758157999982359,0.0
pytesseract_-l eng+grc -c tessedit_char_blacklist=0123456789 --psm 11_15,0.29879620000428986,0.0
pytesseract_-l eng+grc -c tessedit_char_blacklist=0123456789 --psm 11_15,0.27833810000447556,0.0
pytesseract_-l eng+grc -c tessedit_char_blacklist=0123456789 --psm 11_15,0.3202181999949971,1.0
pytesseract_-l eng+grc -c tessedit_char_blacklist=0123456789 --psm 11_15,0.29344350000610575,1.0
pytesseract_-l eng+grc -c tessedit_char_blacklist=0123456789 --psm 11_15,0.2918594000075245,0.5
pytesseract_-l eng+grc -c tessedit_char_blacklist=0123456789 --psm 11_15,0.2784955999959493,1.0
pytesseract_-l eng+grc -c tessedit_char_blacklist=0123456789 --psm 11_15,0.32718510000268,0.0
pytesseract_-l eng+grc -c tessedit_char_blacklist=0123456789 --psm 11_15,0.3092112000013003,0.0
pytesseract_-l eng+grc -c tessedit_char_blacklist=0123456789 --psm 11_15,0.3139618999994127,0.0
pytesseract_-l eng+grc -c tessedit_char_blacklist=0123456789 --psm 11_15,0.3784001000021817,1.0
pytesseract_-l eng+grc -c tessedit_char_blacklist=0123456789 --psm 11_15,0.32036410000000615,0.0
pytesseract_-l eng+grc -c tessedit_char_blacklist=0123456789 --psm 11_15,0.31171950000862125,1.0
pytesseract_-l eng+grc -c tessedit_char_blacklist=0123456789 --psm 11_15,0.31272529999841936,0.25
pytesseract_-l eng+grc -c tessedit_char_blacklist=0123456789 --psm 11_15,0.36172139999689534,0.0
pytesseract_-l eng+grc -c tessedit_char_blacklist=0123456789 --psm 11_15,0.3210648000094807,0.6666666666666666
pytesseract_-l eng+grc -c tessedit_char_blacklist=0123456789 --psm 11_15,0.33464509999612346,0.3333333333333333
pytesseract_-l eng+grc -c tessedit_char_blacklist=0123456789 --psm 11_15,0.29427990000112914,1.0
pytesseract_-l eng+grc -c tessedit_char_blacklist=0123456789 --psm 11_15,0.3238003000005847,0.3333333333333333
pytesseract_-l eng+grc -c tessedit_char_blacklist=0123456789 --psm 11_15,0.3490019000018947,0.0
pytesseract_-l eng+grc -c tessedit_char_blacklist=0123456789 --psm 11_15,0.3401921000040602,0.0
pytesseract_-l eng+grc -c tessedit_char_blacklist=0123456789 --psm 11_15,0.2985420999902999,1.0
pytesseract_-l eng+grc -c tessedit_char_blacklist=0123456789 --psm 11_15,0.3037946000113152,1.0
pytesseract_-l eng+grc -c tessedit_char_blacklist=0123456789 --psm 11_15,0.33690489998843987,0.5
pytesseract_-l eng+grc -c tessedit_char_blacklist=0123456789 --psm 11_15,0.32668709999416023,1.0
pytesseract_-l eng+grc -c tessedit_char_blacklist=0123456789 --psm 11_15,0.35607660000096075,0.75
pytesseract_-l eng+grc -c tessedit_char_blacklist=0123456789 --psm 11_15,0.3058601999946404,0.0
pytesseract_-l eng+grc -c tessedit_char_blacklist=0123456789 --psm 11_15,0.3384373000008054,0.0
pytesseract_-l eng+grc -c tessedit_char_blacklist=0123456789 --psm 11_15,0.29970509999839123,0.0
pytesseract_-l eng+grc -c tessedit_char_blacklist=0123456789 --psm 11_15,0.33041849998699035,0.5
pytesseract_-l eng+grc -c tessedit_char_blacklist=0123456789 --psm 11_15,0.3208721999981208,0.0
pytesseract_-l eng+grc -c tessedit_char_blacklist=0123456789 --psm 11_15,0.31649079998896923,0.5
pytesseract_-l eng+grc -c tessedit_char_blacklist=0123456789 --psm 11_15,0.303169999999227,0.5
pytesseract_-l eng+grc -c tessedit_char_blacklist=0123456789 --psm 11_15,0.33980059999157675,0.0
pytesseract_-l eng+grc -c tessedit_char_blacklist=0123456789 --psm 11_15,0.2924495999905048,0.0
pytesseract_-l eng+grc -c tessedit_char_blacklist=0123456789 --psm 11_15,0.3096032000030391,0.0
pytesseract_-l eng+grc -c tessedit_char_blacklist=0123456789 --psm 11_15,0.27435500000137836,1.0
pytesseract_-l eng+grc -c tessedit_char_blacklist=0123456789 --psm 11_15,0.37230540000018664,1.0
pytesseract_-l eng+grc -c tessedit_char_blacklist=0123456789 --psm 11_15,0.306765200002701,1.0
pytesseract_-l eng+grc -c tessedit_char_blacklist=0123456789 --psm 11_15,0.282659300006344,1.0
pytesseract_-l eng+grc -c tessedit_char_blacklist=0123456789 --psm 11_15,0.33721329999389127,0.0
pytesseract_-l eng+grc -c tessedit_char_blacklist=0123456789 --psm 11_15,0.3456739999965066,0.0
pytesseract_-l eng+grc -c tessedit_char_blacklist=0123456789 --psm 11_15,0.2978602000075625,1.0
pytesseract_-l eng+grc -c tessedit_char_blacklist=0123456789 --psm 11_15,0.34224450000328943,0.6666666666666666
pytesseract_-l eng+grc -c tessedit_char_blacklist=0123456789 --psm 11_15,0.28918229999544565,1.0
pytesseract_-l eng+grc -c tessedit_char_blacklist=0123456789 --psm 11_15,0.2854938999953447,1.0
pytesseract_-l eng+grc -c tessedit_char_blacklist=0123456789 --psm 11_15,0.27840709999145474,0.5
pytesseract_-l eng+grc -c tessedit_char_blacklist=0123456789 --psm 11_15,0.28882240000530146,0.3333333333333333
pytesseract_-l eng+grc -c tessedit_char_blacklist=0123456789 --psm 11_15,0.3088592999993125,0.5
pytesseract_-l eng+grc -c tessedit_char_blacklist=0123456789 --psm 11_15,0.2732668999960879,1.0
pytesseract_-l eng+grc -c tessedit_char_blacklist=0123456789 --psm 11_15,0.2999076999985846,0.0
pytesseract_-l eng+grc -c tessedit_char_blacklist=0123456789 --psm 11_15,0.3010761000041384,1.0
pytesseract_-l eng+grc -c tessedit_char_blacklist=0123456789 --psm 11_15,0.2911307000031229,0.6666666666666666
pytesseract_-l eng+grc -c tessedit_char_blacklist=0123456789 --psm 11_15,0.30852089999825694,0.0
pytesseract_-l eng+grc -c tessedit_char_blacklist=0123456789 --psm 11_15,0.32812489999923855,1.0
pytesseract_-l eng+grc -c tessedit_char_blacklist=0123456789 --psm 11_15,0.3063415999931749,0.0
pytesseract_-l eng+grc -c tessedit_char_blacklist=0123456789 --psm 11_15,0.3193570000003092,0.25
pytesseract_-l eng+grc -c tessedit_char_blacklist=0123456789 --psm 11_15,0.2734397999884095,1.0
pytesseract_-l eng+grc -c tessedit_char_blacklist=0123456789 --psm 11_15,0.3343938000034541,0.0
pytesseract_-l eng+grc -c tessedit_char_blacklist=0123456789 --psm 11_15,0.3238314999907743,1.0
pytesseract_-l eng+grc -c tessedit_char_blacklist=0123456789 --psm 11_15,0.28357749999850057,1.0
pytesseract_-l eng+grc -c tessedit_char_blacklist=0123456789 --psm 11_15,0.4066212000034284,0.3333333333333333
pytesseract_-l eng+grc -c tessedit_char_blacklist=0123456789 --psm 11_15,0.3337554000027012,0.0
pytesseract_-l eng+grc -c tessedit_char_blacklist=0123456789 --psm 11_15,0.3201822999981232,0.0
pytesseract_-l eng+grc -c tessedit_char_blacklist=0123456789 --psm 11_15,0.2936621999979252,0.0
pytesseract_-l eng+grc -c tessedit_char_blacklist=0123456789 --psm 11_15,0.2916190999967512,1.0
pytesseract_-l eng+grc -c tessedit_char_blacklist=0123456789 --psm 11_15,0.34506610000971705,0.5
pytesseract_-l eng+grc -c tessedit_char_blacklist=0123456789 --psm 11_15,0.35294209999847226,0.0
pytesseract_-l eng+grc -c tessedit_char_blacklist=0123456789 --psm 11_15,0.3564842000050703,0.0
pytesseract_-l eng+grc -c tessedit_char_blacklist=0123456789 --psm 11_15,0.2953845000010915,0.0
pytesseract_-l eng+grc -c tessedit_char_blacklist=0123456789 --psm 11_15,0.3344449999858625,1.0
pytesseract_-l eng+grc -c tessedit_char_blacklist=0123456789 --psm 11_15,0.3907255999947665,1.0
pytesseract_-l eng+grc -c tessedit_char_blacklist=0123456789 --psm 11_15,0.2780524999980116,0.3333333333333333
pytesseract_-l eng+grc -c tessedit_char_blacklist=0123456789 --psm 11_15,0.29626259999349713,0.0
pytesseract_-l eng+grc -c tessedit_char_blacklist=0123456789 --psm 11_15,0.36340230000496376,0.0
pytesseract_-l eng+grc -c tessedit_char_blacklist=0123456789 --psm 11_15,0.29447589999472257,0.3333333333333333
pytesseract_-l eng+grc -c tessedit_char_blacklist=0123456789 --psm 11_15,0.36173560000315774,0.0
pytesseract_-l eng+grc -c tessedit_char_blacklist=0123456789 --psm 11_15,0.3437656999885803,0.0
pytesseract_-l eng+grc -c tessedit_char_blacklist=0123456789 --psm 11_15,0.2835808000090765,0.0
pytesseract_-l eng+grc -c tessedit_char_blacklist=0123456789 --psm 11_15,0.27973920000658836,0.0
pytesseract_-l eng+grc -c tessedit_char_blacklist=0123456789 --psm 11_15,0.3445916000055149,1.0
pytesseract_-l eng+grc -c tessedit_char_blacklist=0123456789 --psm 11_15,0.311023500005831,1.0
pytesseract_-l eng+grc -c tessedit_char_blacklist=0123456789 --psm 11_15,0.3668498000042746,1.0
pytesseract_-l eng+grc -c tessedit_char_blacklist=0123456789 --psm 11_15,0.2780044999963138,0.3333333333333333
pytesseract_-l eng+grc -c tessedit_char_blacklist=0123456789 --psm 11_15,0.28641939999943133,1.0
pytesseract_-l eng+grc -c tessedit_char_blacklist=0123456789 --psm 11_15,0.3019136999937473,0.6666666666666666
pytesseract_-l eng+grc -c tessedit_char_blacklist=0123456789 --psm 11_15,0.3327293999900576,1.0
pytesseract_-l eng+grc -c tessedit_char_blacklist=0123456789 --psm 11_15,0.3239549999998417,0.0
pytesseract_-l eng+grc -c tessedit_char_blacklist=0123456789 --psm 11_15,0.34060799999861047,1.0
pytesseract_-l eng+grc -c tessedit_char_blacklist=0123456789 --psm 11_15,0.26755960000446066,1.0
pytesseract_-l eng+grc -c tessedit_char_blacklist=0123456789 --psm 11_15,0.2856982000084827,0.0
pytesseract_-l eng+grc -c tessedit_char_blacklist=0123456789 --psm 11_15,0.28850200001033954,0.0
pytesseract_-l eng+grc -c tessedit_char_blacklist=0123456789 --psm 11_15,0.29866499999479856,1.0
pytesseract_-l eng+grc -c tessedit_char_blacklist=0123456789 --psm 11_15,0.3107689000025857,1.0
pytesseract_-l eng+grc -c tessedit_char_blacklist=0123456789 --psm 11_15,0.31962550000753254,0.0
pytesseract_-l eng+grc -c tessedit_char_blacklist=0123456789 --psm 11_15,0.28699520000373013,1.0
pytesseract_-l eng+grc -c tessedit_char_blacklist=0123456789 --psm 11_15,0.31417729999520816,0.0
pytesseract_-l eng+grc -c tessedit_char_blacklist=0123456789 --psm 11_15,0.32486530000460334,0.0
pytesseract_-l eng+grc -c tessedit_char_blacklist=0123456789 --psm 11_15,0.41098250000504777,0.5
pytesseract_-l eng+grc -c tessedit_char_blacklist=0123456789 --psm 11_15,0.27151730000332464,0.0
pytesseract_-l eng+grc -c tessedit_char_blacklist=0123456789 --psm 11_15,0.30764579999959096,1.0
pytesseract_-l eng+grc -c tessedit_char_blacklist=0123456789 --psm 11_15,0.33698519998870324,0.3333333333333333
pytesseract_-l eng+grc -c tessedit_char_blacklist=0123456789 --psm 11_15,0.40234299999428913,0.5
pytesseract_-l eng+grc -c tessedit_char_blacklist=0123456789 --psm 11_15,0.320850199990673,0.0
pytesseract_-l eng+grc -c tessedit_char_blacklist=0123456789 --psm 11_15,0.28718109999317676,1.0
pytesseract_-l eng+grc -c tessedit_char_blacklist=0123456789 --psm 11_15,0.3162216999917291,1.0
pytesseract_-l eng+grc -c tessedit_char_blacklist=0123456789 --psm 11_15,0.40421970000898,0.0
pytesseract_-l eng+grc -c tessedit_char_blacklist=0123456789 --psm 11_15,0.28540189999330323,0.0
pytesseract_-l eng+grc -c tessedit_char_blacklist=0123456789 --psm 11_15,0.29462359999888577,1.0
pytesseract_-l eng+grc -c tessedit_char_blacklist=0123456789 --psm 11_15,0.29799460001231637,0.0
pytesseract_-l eng+grc -c tessedit_char_blacklist=0123456789 --psm 11_15,0.3005278000055114,0.5
pytesseract_-l eng+grc -c tessedit_char_blacklist=0123456789 --psm 11_15,0.3317553999950178,0.3333333333333333
pytesseract_-l eng+grc -c tessedit_char_blacklist=0123456789 --psm 11_15,0.32472649999544956,1.0
pytesseract_-l eng+grc -c tessedit_char_blacklist=0123456789 --psm 11_15,0.32145970000419766,0.0
pytesseract_-l eng+grc -c tessedit_char_blacklist=0123456789 --psm 11_15,0.475351100001717,1.0
pytesseract_-l eng+grc -c tessedit_char_blacklist=0123456789 --psm 11_15,0.33137249998981133,0.0
pytesseract_-l eng+grc -c tessedit_char_blacklist=0123456789 --psm 11_15,0.3733846999966772,0.5
pytesseract_-l eng+grc -c tessedit_char_blacklist=0123456789 --psm 11_15,0.3426648999884492,0.0
pytesseract_-l eng+grc -c tessedit_char_blacklist=0123456789 --psm 11_15,0.3215063999959966,1.0
pytesseract_-l eng+grc -c tessedit_char_blacklist=0123456789 --psm 11_15,0.2931979999993928,0.0
pytesseract_-l eng+grc -c tessedit_char_blacklist=0123456789 --psm 11_15,0.3285402999899816,0.0
pytesseract_-l eng+grc -c tessedit_char_blacklist=0123456789 --psm 11_15,0.3635562999988906,1.0
pytesseract_-l eng+grc -c tessedit_char_blacklist=0123456789 --psm 11_15,0.30953020000015385,1.0
pytesseract_-l eng+grc -c tessedit_char_blacklist=0123456789 --psm 11_15,0.31572240000241436,1.0
pytesseract_-l eng+grc -c tessedit_char_blacklist=0123456789 --psm 11_15,0.29702360001101624,0.0
pytesseract_-l eng+grc -c tessedit_char_blacklist=0123456789 --psm 11_15,0.33447940000041854,1.0
pytesseract_-l eng+grc -c tessedit_char_blacklist=0123456789 --psm 11_15,0.3207486000028439,0.6666666666666666
pytesseract_-l eng+grc -c tessedit_char_blacklist=0123456789 --psm 11_15,0.2621240000007674,1.0
pytesseract_-l eng+grc -c tessedit_char_blacklist=0123456789 --psm 11_15,0.2866772999987006,1.0
pytesseract_-l eng+grc -c tessedit_char_blacklist=0123456789 --psm 11_15,0.2953842999995686,0.0
pytesseract_-l eng+grc -c tessedit_char_blacklist=0123456789 --psm 11_15,0.33117860001220834,1.0
pytesseract_-l eng+grc -c tessedit_char_blacklist=0123456789 --psm 11_15,0.2908072000136599,1.0
pytesseract_-l eng+grc -c tessedit_char_blacklist=0123456789 --psm 11_15,0.3506562000111444,0.3333333333333333
pytesseract_-l eng+grc -c tessedit_char_blacklist=0123456789 --psm 11_15,0.4137641999986954,0.3333333333333333
pytesseract_-l eng+grc -c tessedit_char_blacklist=0123456789 --psm 11_15,0.33607380000466947,1.0
pytesseract_-l eng+grc -c tessedit_char_blacklist=0123456789 --psm 11_15,0.4057212000043364,0.0
pytesseract_-l eng+grc -c tessedit_char_blacklist=0123456789 --psm 11_15,0.30998099999851547,0.4
pytesseract_-l eng+grc -c tessedit_char_blacklist=0123456789 --psm 11_15,0.27187250000133645,0.5
pytesseract_-l eng+grc -c tessedit_char_blacklist=0123456789 --psm 11_15,0.3437576000142144,1.0
pytesseract_-l eng+grc -c tessedit_char_blacklist=0123456789 --psm 11_15,0.32274439999309834,0.3333333333333333
pytesseract_-l eng+grc -c tessedit_char_blacklist=0123456789 --psm 11_15,0.31826089999231044,0.25
pytesseract_-l eng+grc -c tessedit_char_blacklist=0123456789 --psm 11_15,0.2641533999994863,0.0
pytesseract_-l eng+grc -c tessedit_char_blacklist=0123456789 --psm 11_15,0.31282659999851603,1.0
pytesseract_-l eng+grc -c tessedit_char_blacklist=0123456789 --psm 11_15,0.2872583999997005,0.3333333333333333
pytesseract_-l eng+grc -c tessedit_char_blacklist=0123456789 --psm 11_15,0.34279419999802485,1.0
pytesseract_-l eng+grc -c tessedit_char_blacklist=0123456789 --psm 11_15,0.35465860000113025,0.25
pytesseract_-l eng+grc -c tessedit_char_blacklist=0123456789 --psm 11_15,0.3317423999978928,1.0
pytesseract_-l eng+grc -c tessedit_char_blacklist=0123456789 --psm 11_15,0.43644569999014493,1.0
pytesseract_-l eng+grc -c tessedit_char_blacklist=0123456789 --psm 11_15,0.32884309999644756,0.75
pytesseract_-l eng+grc -c tessedit_char_blacklist=0123456789 --psm 11_15,0.34601009999460075,0.0
pytesseract_-l eng+grc -c tessedit_char_blacklist=0123456789 --psm 11_15,0.3381550999911269,0.0
pytesseract_-l eng+grc -c tessedit_char_blacklist=0123456789 --psm 11_15,0.3964611999981571,0.0
pytesseract_-l eng+grc -c tessedit_char_blacklist=0123456789 --psm 11_15,0.3796962999913376,0.0
pytesseract_-l eng+grc -c tessedit_char_blacklist=0123456789 --psm 11_15,0.33011379999516066,0.5
pytesseract_-l eng+grc -c tessedit_char_blacklist=0123456789 --psm 11_15,0.29364049999276176,1.0
pytesseract_-l eng+grc -c tessedit_char_blacklist=0123456789 --psm 11_15,0.44510739999532234,1.0
pytesseract_-l eng+grc -c tessedit_char_blacklist=0123456789 --psm 11_15,0.33421220000309404,0.3333333333333333
pytesseract_-l eng+grc -c tessedit_char_blacklist=0123456789 --psm 11_15,0.3147023000055924,0.25
pytesseract_-l eng+grc -c tessedit_char_blacklist=0123456789 --psm 11_15,0.28481379999720957,1.0
pytesseract_-l eng+grc -c tessedit_char_blacklist=0123456789 --psm 11_15,0.3244649000116624,0.0
pytesseract_-l eng+grc -c tessedit_char_blacklist=0123456789 --psm 11_15,0.31621459999587387,0.0
pytesseract_-l eng+grc -c tessedit_char_blacklist=0123456789 --psm 11_15,0.3446150999952806,1.0
pytesseract_-l eng+grc -c tessedit_char_blacklist=0123456789 --psm 11_15,0.3347622000001138,0.0
pytesseract_-l eng+grc -c tessedit_char_blacklist=0123456789 --psm 11_15,0.3089516000036383,1.0
pytesseract_-l eng+grc -c tessedit_char_blacklist=0123456789 --psm 11_15,0.29827790000126697,0.3333333333333333
pytesseract_-l eng+grc -c tessedit_char_blacklist=0123456789 --psm 11_15,0.34343630001239944,0.25
pytesseract_-l eng+grc -c tessedit_char_blacklist=0123456789 --psm 11_15,0.3215718999999808,0.5
pytesseract_-l eng+grc -c tessedit_char_blacklist=0123456789 --psm 11_15,0.3492052999936277,1.25
pytesseract_-l eng+grc -c tessedit_char_blacklist=0123456789 --psm 11_15,0.31176359999517445,1.0
pytesseract_-l eng+grc -c tessedit_char_blacklist=0123456789 --psm 11_15,0.3142801999929361,0.0
pytesseract_-l eng+grc -c tessedit_char_blacklist=0123456789 --psm 11_15,0.322724500001641,1.0
pytesseract_-l eng+grc -c tessedit_char_blacklist=0123456789 --psm 11_15,0.31232869999075774,0.0
pytesseract_-l eng+grc -c tessedit_char_blacklist=0123456789 --psm 11_15,0.3290549000084866,1.0
pytesseract_-l eng+grc -c tessedit_char_blacklist=0123456789 --psm 11_15,0.373109399995883,0.0
pytesseract_-l eng+grc -c tessedit_char_blacklist=0123456789 --psm 11_15,0.3047915000061039,1.0
pytesseract_-l eng+grc -c tessedit_char_blacklist=0123456789 --psm 11_15,0.30768990000069607,1.0
pytesseract_-l eng+grc -c tessedit_char_blacklist=0123456789 --psm 11_15,0.2946688000083668,0.0
pytesseract_-l eng+grc -c tessedit_char_blacklist=0123456789 --psm 11_15,0.3252842999936547,1.0
pytesseract_-l eng+grc -c tessedit_char_blacklist=0123456789 --psm 11_15,0.32465850000153296,0.0
pytesseract_-l eng+grc -c tessedit_char_blacklist=0123456789 --psm 11_15,0.3220913999975892,0.0
pytesseract_-l eng+grc -c tessedit_char_blacklist=0123456789 --psm 11_15,0.30261959999916144,0.0
pytesseract_-l eng+grc -c tessedit_char_blacklist=0123456789 --psm 11_15,0.2891183000028832,0.0
pytesseract_-l eng+grc -c tessedit_char_blacklist=0123456789 --psm 11_15,0.2704919000098016,0.0
pytesseract_-l eng+grc -c tessedit_char_blacklist=0123456789 --psm 11_15,0.290905699992436,0.0
pytesseract_-l eng+grc -c tessedit_char_blacklist=0123456789 --psm 11_15,0.3870337999978801,1.0
pytesseract_-l eng+grc -c tessedit_char_blacklist=0123456789 --psm 11_15,0.335424899996724,0.0
pytesseract_-l eng+grc -c tessedit_char_blacklist=0123456789 --psm 11_15,0.29933290000190027,1.0
pytesseract_-l eng+grc -c tessedit_char_blacklist=0123456789 --psm 11_15,0.2881335999991279,0.3333333333333333
pytesseract_-l eng+grc -c tessedit_char_blacklist=0123456789 --psm 11_15,0.2772518999991007,1.0
pytesseract_-l eng+grc -c tessedit_char_blacklist=0123456789 --psm 11_15,0.2574121999932686,0.0
pytesseract_-l eng+grc -c tessedit_char_blacklist=0123456789 --psm 11_15,0.32069059999776073,1.0
pytesseract_-l eng+grc -c tessedit_char_blacklist=0123456789 --psm 11_15,0.24301229999400675,1.0
pytesseract_-l eng+grc -c tessedit_char_blacklist=0123456789 --psm 11_15,0.306916600005934,1.0
pytesseract_-l eng+grc -c tessedit_char_blacklist=0123456789 --psm 11_15,0.3174950999964494,1.0
pytesseract_-l eng+grc -c tessedit_char_blacklist=0123456789 --psm 11_15,0.3058677000080934,0.5
pytesseract_-l eng+grc -c tessedit_char_blacklist=0123456789 --psm 11_15,0.30252919999475125,1.0
pytesseract_-l eng+grc -c tessedit_char_blacklist=0123456789 --psm 11_15,0.3000725000019884,0.0
pytesseract_-l eng+grc -c tessedit_char_blacklist=0123456789 --psm 11_15,0.3069080999994185,0.0
pytesseract_-l eng+grc -c tessedit_char_blacklist=0123456789 --psm 11_15,0.30986480000137817,0.0
pytesseract_-l eng+grc -c tessedit_char_blacklist=0123456789 --psm 11_15,0.29393709999567363,0.0
pytesseract_-l eng+grc -c tessedit_char_blacklist=0123456789 --psm 11_15,0.336614500003634,0.3333333333333333
pytesseract_-l eng+grc -c tessedit_char_blacklist=0123456789 --psm 11_15,0.3474519000010332,1.0
pytesseract_-l eng+grc -c tessedit_char_blacklist=0123456789 --psm 11_15,0.31119750000652857,0.0
pytesseract_-l eng+grc -c tessedit_char_blacklist=0123456789 --psm 11_15,0.2736995000013849,0.0
pytesseract_-l eng+grc -c tessedit_char_blacklist=0123456789 --psm 11_15,0.35424880000937264,0.0
pytesseract_-l eng+grc -c tessedit_char_blacklist=0123456789 --psm 11_15,0.3037099999928614,0.0
pytesseract_-l eng+grc -c tessedit_char_blacklist=0123456789 --psm 11_15,0.33479939999233466,0.3333333333333333
pytesseract_-l eng+grc -c tessedit_char_blacklist=0123456789 --psm 11_15,0.2682908000133466,0.5
pytesseract_-l eng+grc -c tessedit_char_blacklist=0123456789 --psm 11_15,0.26946110000426415,1.0
pytesseract_-l eng+grc -c tessedit_char_blacklist=0123456789 --psm 11_15,0.37883339999825694,0.5
pytesseract_-l eng+grc -c tessedit_char_blacklist=0123456789 --psm 11_15,0.29497069999342784,0.0
pytesseract_-l eng+grc -c tessedit_char_blacklist=0123456789 --psm 11_15,0.34534300000814255,0.5
pytesseract_-l eng+grc -c tessedit_char_blacklist=0123456789 --psm 11_15,0.30959469999652356,0.0
pytesseract_-l eng+grc -c tessedit_char_blacklist=0123456789 --psm 11_15,0.3087346999964211,0.0
pytesseract_-l eng+grc -c tessedit_char_blacklist=0123456789 --psm 11_15,0.2505769999988843,1.0
pytesseract_-l eng+grc -c tessedit_char_blacklist=0123456789 --psm 11_15,0.270035800000187,0.0
pytesseract_-l eng+grc -c tessedit_char_blacklist=0123456789 --psm 11_15,0.3435641999967629,1.0
pytesseract_-l eng+grc -c tessedit_char_blacklist=0123456789 --psm 11_15,0.3467564000020502,0.6666666666666666
pytesseract_-l eng+grc -c tessedit_char_blacklist=0123456789 --psm 11_15,0.3035206000058679,0.25
pytesseract_-l eng+grc -c tessedit_char_blacklist=0123456789 --psm 11_15,0.2805852000019513,0.0
pytesseract_-l eng+grc -c tessedit_char_blacklist=0123456789 --psm 11_15,0.3114639999985229,0.5
pytesseract_-l eng+grc -c tessedit_char_blacklist=0123456789 --psm 11_15,0.33414320000156295,0.3333333333333333
pytesseract_-l eng+grc -c tessedit_char_blacklist=0123456789 --psm 11_15,0.32303719999617897,0.3333333333333333
pytesseract_-l eng+grc -c tessedit_char_blacklist=0123456789 --psm 11_15,0.3610359000012977,0.0
pytesseract_-l eng+grc -c tessedit_char_blacklist=0123456789 --psm 11_15,0.35113060000003316,0.0
pytesseract_-l eng+grc -c tessedit_char_blacklist=0123456789 --psm 11_15,0.31816759999492206,1.0
pytesseract_-l eng+grc -c tessedit_char_blacklist=0123456789 --psm 11_15,0.3150229000020772,0.0
pytesseract_-l eng+grc -c tessedit_char_blacklist=0123456789 --psm 11_15,0.336550799998804,1.0
pytesseract_-l eng+grc -c tessedit_char_blacklist=0123456789 --psm 11_15,0.26274939998984337,1.0
pytesseract_-l eng+grc -c tessedit_char_blacklist=0123456789 --psm 11_15,0.26689250000345055,1.0
pytesseract_-l eng+grc -c tessedit_char_blacklist=0123456789 --psm 11_15,0.2972159999917494,0.3333333333333333
pytesseract_-l eng+grc -c tessedit_char_blacklist=0123456789 --psm 11_15,0.2893406000075629,0.0
pytesseract_-l eng+grc -c tessedit_char_blacklist=0123456789 --psm 11_15,0.3220134000002872,0.25
pytesseract_-l eng+grc -c tessedit_char_blacklist=0123456789 --psm 11_15,0.30638229999749456,0.0
pytesseract_-l eng+grc -c tessedit_char_blacklist=0123456789 --psm 11_15,0.2741452000045683,1.0
pytesseract_-l eng+grc -c tessedit_char_blacklist=0123456789 --psm 11_15,0.28849829999671783,0.0
pytesseract_-l eng+grc -c tessedit_char_blacklist=0123456789 --psm 11_15,0.3200684000039473,0.6666666666666666
pytesseract_-l eng+grc -c tessedit_char_blacklist=0123456789 --psm 11_15,0.3113143999944441,1.0
pytesseract_-l eng+grc -c tessedit_char_blacklist=0123456789 --psm 11_15,0.2722226000041701,0.5
pytesseract_-l eng+grc -c tessedit_char_blacklist=0123456789 --psm 11_15,0.3224445000087144,0.6666666666666666
pytesseract_-l eng+grc -c tessedit_char_blacklist=0123456789 --psm 11_15,0.39038509999227244,1.0
pytesseract_-l eng+grc -c tessedit_char_blacklist=0123456789 --psm 11_15,0.27816170000005513,1.0
pytesseract_-l eng+grc -c tessedit_char_blacklist=0123456789 --psm 11_15,0.2873775000043679,0.0
pytesseract_-l eng+grc -c tessedit_char_blacklist=0123456789 --psm 11_15,0.31027760000142734,1.0
pytesseract_-l eng+grc -c tessedit_char_blacklist=0123456789 --psm 11_15,0.27810300000419375,0.25
pytesseract_-l eng+grc -c tessedit_char_blacklist=0123456789 --psm 11_15,0.3045345999998972,1.0
pytesseract_-l eng+grc -c tessedit_char_blacklist=0123456789 --psm 11_15,0.3435223000124097,0.0
pytesseract_-l eng+grc -c tessedit_char_blacklist=0123456789 --psm 11_15,0.32237480000185315,0.0
pytesseract_-l eng+grc -c tessedit_char_blacklist=0123456789 --psm 11_15,0.2951407999935327,0.6666666666666666
pytesseract_-l eng+grc -c tessedit_char_blacklist=0123456789 --psm 11_15,0.30317549999745097,0.0
pytesseract_-l eng+grc -c tessedit_char_blacklist=0123456789 --psm 11_15,0.404696800003876,1.0
pytesseract_-l eng+grc -c tessedit_char_blacklist=0123456789 --psm 11_15,0.29712029999063816,0.0
pytesseract_-l eng+grc -c tessedit_char_blacklist=0123456789 --psm 11_15,0.3595801999908872,1.0
pytesseract_-l eng+grc -c tessedit_char_blacklist=0123456789 --psm 11_15,0.33419119998870883,1.0
pytesseract_-l eng+grc -c tessedit_char_blacklist=0123456789 --psm 11_15,0.32823349999671336,1.0
pytesseract_-l eng+grc -c tessedit_char_blacklist=0123456789 --psm 11_15,0.48955700000806246,1.0
pytesseract_-l eng+grc -c tessedit_char_blacklist=0123456789 --psm 11_15,0.2803194000007352,0.0
pytesseract_-l eng+grc -c tessedit_char_blacklist=0123456789 --psm 11_15,0.30707429999893066,0.3333333333333333
pytesseract_-l eng+grc -c tessedit_char_blacklist=0123456789 --psm 11_15,0.33858860000327695,1.0
pytesseract_-l eng+grc -c tessedit_char_blacklist=0123456789 --psm 11_15,0.37374319999071304,0.0
pytesseract_-l eng+grc -c tessedit_char_blacklist=0123456789 --psm 11_15,0.27636259999417234,1.0
pytesseract_-l eng+grc -c tessedit_char_blacklist=0123456789 --psm 11_15,0.2841074000025401,1.0
pytesseract_-l eng+grc -c tessedit_char_blacklist=0123456789 --psm 11_15,0.3174089000094682,0.0
pytesseract_-l eng+grc -c tessedit_char_blacklist=0123456789 --psm 11_15,0.3088257000054,0.0
pytesseract_-l eng+grc -c tessedit_char_blacklist=0123456789 --psm 11_15,0.3079198999912478,0.0
pytesseract_-l eng+grc -c tessedit_char_blacklist=0123456789 --psm 11_15,0.3279813999979524,0.3333333333333333
pytesseract_-l eng+grc -c tessedit_char_blacklist=0123456789 --psm 11_15,0.31499210000038147,0.6666666666666666
pytesseract_-l eng+grc -c tessedit_char_blacklist=0123456789 --psm 11_15,0.2798619000095641,0.0
pytesseract_-l eng+grc -c tessedit_char_blacklist=0123456789 --psm 11_15,0.325974799998221,0.0
pytesseract_-l eng+grc -c tessedit_char_blacklist=0123456789 --psm 11_15,0.3426604000123916,0.3333333333333333
pytesseract_-l eng+grc -c tessedit_char_blacklist=0123456789 --psm 11_15,0.3187688000034541,0.0
pytesseract_-l eng+grc -c tessedit_char_blacklist=0123456789 --psm 11_15,0.3327860999997938,0.0
pytesseract_-l eng+grc -c tessedit_char_blacklist=0123456789 --psm 11_15,0.4738182000000961,0.0
pytesseract_-l eng+grc -c tessedit_char_blacklist=0123456789 --psm 11_15,0.3024259000085294,1.0
pytesseract_-l eng+grc -c tessedit_char_blacklist=0123456789 --psm 11_15,0.32283089999691583,1.0
pytesseract_-l eng+grc -c tessedit_char_blacklist=0123456789 --psm 11_15,0.2750046000001021,0.5
pytesseract_-l eng+grc -c tessedit_char_blacklist=0123456789 --psm 11_15,0.30898570000135805,1.0
pytesseract_-l eng+grc -c tessedit_char_blacklist=0123456789 --psm 11_15,0.29746200000226963,1.0
pytesseract_-l eng+grc -c tessedit_char_blacklist=0123456789 --psm 11_15,0.3061037000006763,0.0
pytesseract_-l eng+grc -c tessedit_char_blacklist=0123456789 --psm 11_15,0.2931703999929596,0.6666666666666666
pytesseract_-l eng+grc -c tessedit_char_blacklist=0123456789 --psm 11_15,0.3136911999899894,1.0
pytesseract_-l eng+grc -c tessedit_char_blacklist=0123456789 --psm 11_15,0.30824099999153987,1.0
pytesseract_-l eng+grc -c tessedit_char_blacklist=0123456789 --psm 11_15,0.38534149999031797,0.25
pytesseract_-l eng+grc -c tessedit_char_blacklist=0123456789 --psm 11_15,0.29571419999410864,0.3333333333333333
pytesseract_-l eng+grc -c tessedit_char_blacklist=0123456789 --psm 11_15,0.3347603000001982,0.0
pytesseract_-l eng+grc -c tessedit_char_blacklist=0123456789 --psm 11_15,0.30055600000196137,0.6666666666666666
pytesseract_-l eng+grc -c tessedit_char_blacklist=0123456789 --psm 11_15,0.3534397000039462,1.0
pytesseract_-l eng+grc -c tessedit_char_blacklist=0123456789 --psm 11_15,0.36696959999972023,0.6666666666666666
pytesseract_-l eng+grc -c tessedit_char_blacklist=0123456789 --psm 11_15,0.31113109999569133,0.0
pytesseract_-l eng+grc -c tessedit_char_blacklist=0123456789 --psm 11_15,0.34356019999540877,0.0
pytesseract_-l eng+grc -c tessedit_char_blacklist=0123456789 --psm 11_15,0.2670508000010159,1.0
pytesseract_-l eng+grc -c tessedit_char_blacklist=0123456789 --psm 11_15,0.3447457000002032,0.3333333333333333
pytesseract_-l eng+grc -c tessedit_char_blacklist=0123456789 --psm 11_15,0.29098489999887533,0.0
pytesseract_-l eng+grc -c tessedit_char_blacklist=0123456789 --psm 11_15,0.2863762999913888,1.0
pytesseract_-l eng+grc -c tessedit_char_blacklist=0123456789 --psm 11_15,0.2991543999960413,0.3333333333333333
pytesseract_-l eng+grc -c tessedit_char_blacklist=0123456789 --psm 11_15,0.31661899999016896,1.0
pytesseract_-l eng+grc -c tessedit_char_blacklist=0123456789 --psm 11_15,0.2935618000046816,1.0
pytesseract_-l eng+grc -c tessedit_char_blacklist=0123456789 --psm 11_15,0.35112669999944046,0.0
pytesseract_-l eng+grc -c tessedit_char_blacklist=0123456789 --psm 11_15,0.3637482999911299,0.5
pytesseract_-l eng+grc -c tessedit_char_blacklist=0123456789 --psm 11_15,0.3027604000089923,1.0
pytesseract_-l eng+grc -c tessedit_char_blacklist=0123456789 --psm 11_15,0.3208377999981167,1.0
pytesseract_-l eng+grc -c tessedit_char_blacklist=0123456789 --psm 11_15,0.2645859000040218,1.0
pytesseract_-l eng+grc -c tessedit_char_blacklist=0123456789 --psm 11_15,0.31153610000910703,0.0
pytesseract_-l eng+grc -c tessedit_char_blacklist=0123456789 --psm 11_15,0.3598704999894835,1.0
pytesseract_-l eng+grc -c tessedit_char_blacklist=0123456789 --psm 11_15,0.29736669998965226,1.0
pytesseract_-l eng+grc -c tessedit_char_blacklist=0123456789 --psm 11_15,0.3236520000064047,1.0
pytesseract_-l eng+grc -c tessedit_char_blacklist=0123456789 --psm 11_15,0.3041834000032395,0.0
pytesseract_-l eng+grc -c tessedit_char_blacklist=0123456789 --psm 11_15,0.34506070001225453,0.5
pytesseract_-l eng+grc -c tessedit_char_blacklist=0123456789 --psm 11_15,0.28517509999801405,1.0
pytesseract_-l eng+grc -c tessedit_char_blacklist=0123456789 --psm 11_15,0.340320100003737,0.0
pytesseract_-l eng+grc -c tessedit_char_blacklist=0123456789 --psm 11_15,0.2921390999981668,1.0
pytesseract_-l eng+grc -c tessedit_char_blacklist=0123456789 --psm 11_15,0.332858000008855,1.0
pytesseract_-l eng+grc -c tessedit_char_blacklist=0123456789 --psm 11_15,0.3265608999936376,0.25
pytesseract_-l eng+grc -c tessedit_char_blacklist=0123456789 --psm 11_15,0.41664350000792183,0.5
pytesseract_-l eng+grc -c tessedit_char_blacklist=0123456789 --psm 11_15,0.336070599994855,1.0
pytesseract_-l eng+grc -c tessedit_char_blacklist=0123456789 --psm 11_15,0.2793589999928372,0.0
pytesseract_-l eng+grc -c tessedit_char_blacklist=0123456789 --psm 11_15,0.30373290000716224,1.0
pytesseract_-l eng+grc -c tessedit_char_blacklist=0123456789 --psm 11_15,0.2914650000020629,1.0
pytesseract_-l eng+grc -c tessedit_char_blacklist=0123456789 --psm 11_15,0.3063462999998592,0.0
pytesseract_-l eng+grc -c tessedit_char_blacklist=0123456789 --psm 11_15,0.36375640000915155,1.0
pytesseract_-l eng+grc -c tessedit_char_blacklist=0123456789 --psm 11_15,0.3344628000049852,0.25
pytesseract_-l eng+grc -c tessedit_char_blacklist=0123456789 --psm 11_15,0.3027734000061173,1.0
pytesseract_-l eng+grc -c tessedit_char_blacklist=0123456789 --psm 11_15,0.31920159999572206,0.5
pytesseract_-l eng+grc -c tessedit_char_blacklist=0123456789 --psm 11_15,0.29405369999585673,1.0
pytesseract_-l eng+grc -c tessedit_char_blacklist=0123456789 --psm 11_15,0.29727289998845663,0.0
pytesseract_-l eng+grc -c tessedit_char_blacklist=0123456789 --psm 11_15,0.30123110000567976,0.25
pytesseract_-l eng+grc -c tessedit_char_blacklist=0123456789 --psm 11_15,0.321540199991432,0.0
pytesseract_-l eng+grc -c tessedit_char_blacklist=0123456789 --psm 11_15,0.3164059999980964,1.0
pytesseract_-l eng+grc -c tessedit_char_blacklist=0123456789 --psm 11_15,0.3070882000029087,1.0
pytesseract_-l eng+grc -c tessedit_char_blacklist=0123456789 --psm 11_15,0.26851159999205265,1.0
pytesseract_-l eng+grc -c tessedit_char_blacklist=0123456789 --psm 11_15,0.3172850999981165,0.25
pytesseract_-l eng+grc -c tessedit_char_blacklist=0123456789 --psm 11_15,0.2997240000113379,1.0
pytesseract_-l eng+grc -c tessedit_char_blacklist=0123456789 --psm 11_15,0.3994549999915762,0.0
pytesseract_-l eng+grc -c tessedit_char_blacklist=0123456789 --psm 11_15,0.30631989998801146,1.0
pytesseract_-l eng+grc -c tessedit_char_blacklist=0123456789 --psm 11_15,0.2970799999893643,0.0
pytesseract_-l eng+grc -c tessedit_char_blacklist=0123456789 --psm 11_15,0.3095025000075111,0.0
pytesseract_-l eng+grc -c tessedit_char_blacklist=0123456789 --psm 11_15,0.3181922000076156,0.5
pytesseract_-l eng+grc -c tessedit_char_blacklist=0123456789 --psm 11_15,0.31570839999767486,0.5
pytesseract_-l eng+grc -c tessedit_char_blacklist=0123456789 --psm 11_15,0.40256550000049174,1.0
pytesseract_-l eng+grc -c tessedit_char_blacklist=0123456789 --psm 11_15,0.29626860001008026,0.0
pytesseract_-l eng+grc -c tessedit_char_blacklist=0123456789 --psm 11_15,0.3132834999996703,1.0
pytesseract_-l eng+grc -c tessedit_char_blacklist=0123456789 --psm 11_15,0.2812699999922188,0.75
pytesseract_-l eng+grc -c tessedit_char_blacklist=0123456789 --psm 11_15,0.3387379000050714,1.0
pytesseract_-l eng+grc -c tessedit_char_blacklist=0123456789 --psm 11_15,0.30487239999638405,0.25
pytesseract_-l eng+grc -c tessedit_char_blacklist=0123456789 --psm 11_15,0.3903439999994589,0.0
pytesseract_-l eng+grc -c tessedit_char_blacklist=0123456789 --psm 11_15,0.3101138999918476,0.0
pytesseract_-l eng+grc -c tessedit_char_blacklist=0123456789 --psm 11_15,0.33438939999905415,0.3333333333333333
pytesseract_-l eng+grc -c tessedit_char_blacklist=0123456789 --psm 11_15,0.322931199989398,1.0
pytesseract_-l eng+grc -c tessedit_char_blacklist=0123456789 --psm 11_15,0.3225551999930758,1.0
pytesseract_-l eng+grc -c tessedit_char_blacklist=0123456789 --psm 11_15,0.433156200000667,0.5
pytesseract_-l eng+grc -c tessedit_char_blacklist=0123456789 --psm 11_15,0.2982068999990588,0.25
pytesseract_-l eng+grc -c tessedit_char_blacklist=0123456789 --psm 11_15,0.36691359999531414,0.3333333333333333
pytesseract_-l eng+grc -c tessedit_char_blacklist=0123456789 --psm 11_15,0.34864110000489745,0.3333333333333333
pytesseract_-l eng+grc -c tessedit_char_blacklist=0123456789 --psm 11_15,0.33157589999609627,0.0
pytesseract_-l eng+grc -c tessedit_char_blacklist=0123456789 --psm 11_15,0.2875668000051519,0.0
pytesseract_-l eng+grc -c tessedit_char_blacklist=0123456789 --psm 11_15,0.31099990000075195,0.0
pytesseract_-l eng+grc -c tessedit_char_blacklist=0123456789 --psm 11_15,0.3099134999938542,0.0
pytesseract_-l eng+grc -c tessedit_char_blacklist=0123456789 --psm 11_15,0.3049756999971578,1.0
pytesseract_-l eng+grc -c tessedit_char_blacklist=0123456789 --psm 11_15,0.3490566999971634,0.6666666666666666
pytesseract_-l eng+grc -c tessedit_char_blacklist=0123456789 --psm 11_15,0.3055344999884255,1.0
pytesseract_-l eng+grc -c tessedit_char_blacklist=0123456789 --psm 11_15,0.3571653000108199,1.0
pytesseract_-l eng+grc -c tessedit_char_blacklist=0123456789 --psm 11_15,0.3086448000103701,0.5
pytesseract_-l eng+grc -c tessedit_char_blacklist=0123456789 --psm 11_15,0.3963672999962,1.0
pytesseract_-l eng+grc -c tessedit_char_blacklist=0123456789 --psm 11_15,0.3226162000064505,0.0
pytesseract_-l eng+grc -c tessedit_char_blacklist=0123456789 --psm 11_15,0.37040680000791326,0.5
pytesseract_-l eng+grc -c tessedit_char_blacklist=0123456789 --psm 11_15,0.2884584999992512,1.0
pytesseract_-l eng+grc -c tessedit_char_blacklist=0123456789 --psm 11_15,0.29541279999830294,0.0
pytesseract_-l eng+grc -c tessedit_char_blacklist=0123456789 --psm 11_15,0.3940969000104815,0.0
pytesseract_-l eng+grc -c tessedit_char_blacklist=0123456789 --psm 11_15,0.3459912999969674,0.5
pytesseract_-l eng+grc -c tessedit_char_blacklist=0123456789 --psm 11_15,0.31971700000576675,0.5
pytesseract_-l eng+grc -c tessedit_char_blacklist=0123456789 --psm 11_15,0.2989596999977948,0.0
pytesseract_-l eng+grc -c tessedit_char_blacklist=0123456789 --psm 11_15,0.31496709999919403,0.0
pytesseract_-l eng+grc -c tessedit_char_blacklist=0123456789 --psm 11_15,0.31906270000035875,1.0
pytesseract_-l eng+grc -c tessedit_char_blacklist=0123456789 --psm 11_15,0.2786894000018947,0.0
pytesseract_-l eng+grc -c tessedit_char_blacklist=0123456789 --psm 11_15,0.3152249999984633,0.5
pytesseract_-l eng+grc -c tessedit_char_blacklist=0123456789 --psm 11_15,0.3215485999971861,0.0
pytesseract_-l eng+grc -c tessedit_char_blacklist=0123456789 --psm 11_15,0.38262590000522323,1.0
pytesseract_-l eng+grc -c tessedit_char_blacklist=0123456789 --psm 11_15,0.3264013000007253,1.0
pytesseract_-l eng+grc -c tessedit_char_blacklist=0123456789 --psm 11_15,0.47783209999033716,1.0
pytesseract_-l eng+grc -c tessedit_char_blacklist=0123456789 --psm 11_15,0.39571590001287404,0.0
pytesseract_-l eng+grc -c tessedit_char_blacklist=0123456789 --psm 11_15,0.3713800999976229,0.0
pytesseract_-l eng+grc -c tessedit_char_blacklist=0123456789 --psm 11_15,0.26823960000183433,0.0
pytesseract_-l eng+grc -c tessedit_char_blacklist=0123456789 --psm 11_15,0.25458209999487735,0.0
pytesseract_-l eng+grc -c tessedit_char_blacklist=0123456789 --psm 11_15,0.3242686000012327,0.0
pytesseract_-l eng+grc -c tessedit_char_blacklist=0123456789 --psm 11_15,0.31869349999760743,1.0
pytesseract_-l eng+grc -c tessedit_char_blacklist=0123456789 --psm 11_15,0.32597530000202823,0.0
pytesseract_-l eng+grc -c tessedit_char_blacklist=0123456789 --psm 11_15,0.2914837999996962,1.0
pytesseract_-l eng+grc -c tessedit_char_blacklist=0123456789 --psm 11_15,0.3265726999961771,0.5
pytesseract_-l eng+grc -c tessedit_char_blacklist=0123456789 --psm 11_15,0.281614499996067,1.0
pytesseract_-l eng+grc -c tessedit_char_blacklist=0123456789 --psm 11_15,0.3737944000022253,0.0
pytesseract_-l eng+grc -c tessedit_char_blacklist=0123456789 --psm 11_15,0.34523649999755435,0.0
pytesseract_-l eng+grc -c tessedit_char_blacklist=0123456789 --psm 11_15,0.3553350999864051,0.5
pytesseract_-l eng+grc -c tessedit_char_blacklist=0123456789 --psm 11_15,0.294026000003214,0.0
pytesseract_-l eng+grc -c tessedit_char_blacklist=0123456789 --psm 11_15,0.3355333000072278,0.3333333333333333
pytesseract_-l eng+grc -c tessedit_char_blacklist=0123456789 --psm 11_15,0.3049295999953756,1.0
pytesseract_-l eng+grc -c tessedit_char_blacklist=0123456789 --psm 11_15,0.325798300007591,0.3333333333333333
pytesseract_-l eng+grc -c tessedit_char_blacklist=0123456789 --psm 11_15,0.33093640000151936,0.6666666666666666
pytesseract_-l eng+grc -c tessedit_char_blacklist=0123456789 --psm 11_15,0.320575200006715,0.3333333333333333
pytesseract_-l eng+grc -c tessedit_char_blacklist=0123456789 --psm 11_15,0.2767244999995455,1.0
pytesseract_-l eng+grc -c tessedit_char_blacklist=0123456789 --psm 11_15,0.3539180999941891,0.0
pytesseract_-l eng+grc -c tessedit_char_blacklist=0123456789 --psm 11_15,0.33251880000170786,1.0
pytesseract_-l eng+grc -c tessedit_char_blacklist=0123456789 --psm 11_15,0.3006364000029862,0.6666666666666666
pytesseract_-l eng+grc -c tessedit_char_blacklist=0123456789 --psm 11_15,0.31921989998954814,1.0
pytesseract_-l eng+grc -c tessedit_char_blacklist=0123456789 --psm 11_15,0.32597989999339916,0.25
pytesseract_-l eng+grc -c tessedit_char_blacklist=0123456789 --psm 11_15,0.35485530000005383,0.0
pytesseract_-l eng+grc -c tessedit_char_blacklist=0123456789 --psm 11_15,0.3114163999998709,0.0
pytesseract_-l eng+grc -c tessedit_char_blacklist=0123456789 --psm 11_15,0.321576999995159,1.0
pytesseract_-l eng+grc -c tessedit_char_blacklist=0123456789 --psm 11_15,0.3046522999939043,0.0
pytesseract_-l eng+grc -c tessedit_char_blacklist=0123456789 --psm 11_15,0.3079315999930259,0.5
pytesseract_-l eng+grc -c tessedit_char_blacklist=0123456789 --psm 11_15,0.3470453999907477,1.0
pytesseract_-l eng+grc -c tessedit_char_blacklist=0123456789 --psm 11_15,0.32317639999382664,1.0
pytesseract_-l eng+grc -c tessedit_char_blacklist=0123456789 --psm 11_15,0.376824500010116,0.0
pytesseract_-l eng+grc -c tessedit_char_blacklist=0123456789 --psm 11_15,0.31194839999079704,0.0
pytesseract_-l eng+grc -c tessedit_char_blacklist=0123456789 --psm 11_15,0.454839300000458,0.0
pytesseract_-l eng+grc -c tessedit_char_blacklist=0123456789 --psm 11_15,0.3444384999893373,1.0
pytesseract_-l eng+grc -c tessedit_char_blacklist=0123456789 --psm 11_15,0.3481663000129629,1.0
pytesseract_-l eng+grc -c tessedit_char_blacklist=0123456789 --psm 11_15,0.31419439999444876,0.0
pytesseract_-l eng+grc -c tessedit_char_blacklist=0123456789 --psm 11_15,0.28012440000020433,0.0
pytesseract_-l eng+grc -c tessedit_char_blacklist=0123456789 --psm 11_15,0.3058063999924343,1.0
pytesseract_-l eng+grc -c tessedit_char_blacklist=0123456789 --psm 11_15,0.3219916999951238,0.0
pytesseract_-l eng+grc -c tessedit_char_blacklist=0123456789 --psm 11_15,0.3070028999936767,0.75
pytesseract_-l eng+grc -c tessedit_char_blacklist=0123456789 --psm 11_15,0.2874107000097865,1.0
pytesseract_-l eng+grc -c tessedit_char_blacklist=0123456789 --psm 11_15,0.3176196999993408,0.5
pytesseract_-l eng+grc -c tessedit_char_blacklist=0123456789 --psm 11_15,0.3171127000096021,1.0
pytesseract_-l eng+grc -c tessedit_char_blacklist=0123456789 --psm 11_15,0.28792310001153965,1.0
pytesseract_-l eng+grc -c tessedit_char_blacklist=0123456789 --psm 11_15,0.3120496999908937,0.0
pytesseract_-l eng+grc -c tessedit_char_blacklist=0123456789 --psm 11_15,0.28214280000247527,0.3333333333333333
pytesseract_-l eng+grc -c tessedit_char_blacklist=0123456789 --psm 11_15,0.31520339999406133,0.5
pytesseract_-l eng+grc -c tessedit_char_blacklist=0123456789 --psm 11_15,0.3328260999987833,1.0
pytesseract_-l eng+grc -c tessedit_char_blacklist=0123456789 --psm 11_15,0.33111149999604095,0.0
pytesseract_-l eng+grc -c tessedit_char_blacklist=0123456789 --psm 11_15,0.31087770000158343,0.0
pytesseract_-l eng+grc -c tessedit_char_blacklist=0123456789 --psm 11_15,0.28578350000316277,0.3333333333333333
pytesseract_-l eng+grc -c tessedit_char_blacklist=0123456789 --psm 11_15,0.3675918999942951,0.6666666666666666
pytesseract_-l eng+grc -c tessedit_char_blacklist=0123456789 --psm 11_15,0.29544059999170713,0.0
pytesseract_-l eng+grc -c tessedit_char_blacklist=0123456789 --psm 11_15,0.3323056000081124,0.5
pytesseract_-l eng+grc -c tessedit_char_blacklist=0123456789 --psm 11_15,0.36674840000341646,0.25
pytesseract_-l eng+grc -c tessedit_char_blacklist=0123456789 --psm 11_15,0.31404420000035316,1.0
pytesseract_-l eng+grc -c tessedit_char_blacklist=0123456789 --psm 11_15,0.27772089999052696,0.0
pytesseract_-l eng+grc -c tessedit_char_blacklist=0123456789 --psm 11_15,0.3237333000142826,0.0
pytesseract_-l eng+grc -c tessedit_char_blacklist=0123456789 --psm 11_15,0.3881658000027528,1.0
pytesseract_-l eng+grc -c tessedit_char_blacklist=0123456789 --psm 11_15,0.2932118000026094,1.0
pytesseract_-l eng+grc -c tessedit_char_blacklist=0123456789 --psm 11_15,0.30076509999344125,0.5
pytesseract_-l eng+grc -c tessedit_char_blacklist=0123456789 --psm 11_15,0.324259399989387,0.3333333333333333
pytesseract_-l eng+grc -c tessedit_char_blacklist=0123456789 --psm 11_15,0.2960276999947382,0.3333333333333333
pytesseract_-l eng+grc -c tessedit_char_blacklist=0123456789 --psm 11_15,0.49241009999241214,0.3333333333333333
pytesseract_-l eng+grc -c tessedit_char_blacklist=0123456789 --psm 11_15,0.346340499992948,0.0
pytesseract_-l eng+grc -c tessedit_char_blacklist=0123456789 --psm 11_15,0.33077090000733733,1.0
pytesseract_-l eng+grc -c tessedit_char_blacklist=0123456789 --psm 11_15,0.2978908000077354,0.5
pytesseract_-l eng+grc -c tessedit_char_blacklist=0123456789 --psm 11_15,0.3446245000086492,0.5
pytesseract_-l eng+grc -c tessedit_char_blacklist=0123456789 --psm 11_15,0.32959749999281485,0.0
pytesseract_-l eng+grc -c tessedit_char_blacklist=0123456789 --psm 11_15,0.2978683999972418,0.3333333333333333
pytesseract_-l eng+grc -c tessedit_char_blacklist=0123456789 --psm 11_15,0.33345740000368096,0.3333333333333333
pytesseract_-l eng+grc -c tessedit_char_blacklist=0123456789 --psm 11_15,0.2972547000099439,0.3333333333333333
pytesseract_-l eng+grc -c tessedit_char_blacklist=0123456789 --psm 11_15,0.3121217000007164,0.0
pytesseract_-l eng+grc -c tessedit_char_blacklist=0123456789 --psm 11_15,0.31512949999887496,0.6666666666666666
pytesseract_-l eng+grc -c tessedit_char_blacklist=0123456789 --psm 11_15,0.344540500009316,1.0
pytesseract_-l eng+grc -c tessedit_char_blacklist=0123456789 --psm 11_15,0.33267119999800343,0.3333333333333333
pytesseract_-l eng+grc -c tessedit_char_blacklist=0123456789 --psm 11_15,0.28493629999866243,0.6666666666666666
pytesseract_-l eng+grc -c tessedit_char_blacklist=0123456789 --psm 11_15,0.3516435000055935,1.0
pytesseract_-l eng+grc -c tessedit_char_blacklist=0123456789 --psm 11_15,0.296619799992186,1.0
pytesseract_-l eng+grc -c tessedit_char_blacklist=0123456789 --psm 11_15,0.30358709998836275,1.0
pytesseract_-l eng+grc -c tessedit_char_blacklist=0123456789 --psm 11_15,0.2937030000030063,0.0
pytesseract_-l eng+grc -c tessedit_char_blacklist=0123456789 --psm 11_15,0.34881229999882635,1.0
pytesseract_-l eng+grc -c tessedit_char_blacklist=0123456789 --psm 11_15,0.3821876000001794,0.5
pytesseract_-l eng+grc -c tessedit_char_blacklist=0123456789 --psm 11_15,0.31678049999754876,1.0
pytesseract_-l eng+grc -c tessedit_char_blacklist=0123456789 --psm 11_15,0.2851548000035109,0.0
pytesseract_-l eng+grc -c tessedit_char_blacklist=0123456789 --psm 11_15,0.31993169999623206,0.6666666666666666
pytesseract_-l eng+grc -c tessedit_char_blacklist=0123456789 --psm 11_15,0.3227733000094304,1.0
pytesseract_-l eng+grc -c tessedit_char_blacklist=0123456789 --psm 11_15,0.2865252000046894,1.0
pytesseract_-l eng+grc -c tessedit_char_blacklist=0123456789 --psm 11_15,0.4327504999964731,1.0
pytesseract_-l eng+grc -c tessedit_char_blacklist=0123456789 --psm 11_15,0.3276304000028176,0.0
pytesseract_-l eng+grc -c tessedit_char_blacklist=0123456789 --psm 11_15,0.28724659999716096,1.0
pytesseract_-l eng+grc -c tessedit_char_blacklist=0123456789 --psm 11_15,0.4180197999958182,0.0
pytesseract_-l eng+grc -c tessedit_char_blacklist=0123456789 --psm 11_15,0.3243114999932004,0.5
pytesseract_-l eng+grc -c tessedit_char_blacklist=0123456789 --psm 11_15,0.2586221999954432,1.0
pytesseract_-l eng+grc -c tessedit_char_blacklist=0123456789 --psm 11_15,0.3038384999963455,0.0
pytesseract_-l eng+grc -c tessedit_char_blacklist=0123456789 --psm 11_15,0.25928350001049694,1.0
pytesseract_-l eng+grc -c tessedit_char_blacklist=0123456789 --psm 11_15,0.29993179999291897,0.0
pytesseract_-l eng+grc -c tessedit_char_blacklist=0123456789 --psm 11_15,0.30628879999858327,0.0
pytesseract_-l eng+grc -c tessedit_char_blacklist=0123456789 --psm 11_15,0.33621259999927133,1.0
pytesseract_-l eng+grc -c tessedit_char_blacklist=0123456789 --psm 11_15,0.31434830000216607,0.3333333333333333
pytesseract_-l eng+grc -c tessedit_char_blacklist=0123456789 --psm 11_15,0.3295429999998305,0.0
pytesseract_-l eng+grc -c tessedit_char_blacklist=0123456789 --psm 11_15,0.32533190000685863,0.0
pytesseract_-l eng+grc -c tessedit_char_blacklist=0123456789 --psm 11_15,0.3176843999972334,1.0
pytesseract_-l eng+grc -c tessedit_char_blacklist=0123456789 --psm 11_15,0.3247380999964662,1.0
pytesseract_-l eng+grc -c tessedit_char_blacklist=0123456789 --psm 11_15,0.3265520999993896,0.0
pytesseract_-l eng+grc -c tessedit_char_blacklist=0123456789 --psm 11_15,0.4522811999922851,1.0
pytesseract_-l eng+grc -c tessedit_char_blacklist=0123456789 --psm 11_15,0.350807499999064,0.6666666666666666
pytesseract_-l eng+grc -c tessedit_char_blacklist=0123456789 --psm 11_15,0.33440159999008756,0.0
pytesseract_-l eng+grc -c tessedit_char_blacklist=0123456789 --psm 11_15,0.33912710000004154,0.0
pytesseract_-l eng+grc -c tessedit_char_blacklist=0123456789 --psm 11_15,0.2956214000005275,0.0
pytesseract_-l eng+grc -c tessedit_char_blacklist=0123456789 --psm 11_15,0.3680620000086492,1.0
pytesseract_-l eng+grc -c tessedit_char_blacklist=0123456789 --psm 11_15,0.33380359999137,0.25
pytesseract_-l eng+grc -c tessedit_char_blacklist=0123456789 --psm 11_15,0.32125350000569597,0.0
pytesseract_-l eng+grc -c tessedit_char_blacklist=0123456789 --psm 11_15,0.3162979000044288,0.0
pytesseract_-l eng+grc -c tessedit_char_blacklist=0123456789 --psm 11_15,0.3093438999931095,0.25
pytesseract_-l eng+grc -c tessedit_char_blacklist=0123456789 --psm 11_15,0.30373250000411645,0.75
pytesseract_-l eng+grc -c tessedit_char_blacklist=0123456789 --psm 11_15,0.2751656000036746,1.0
pytesseract_-l eng+grc -c tessedit_char_blacklist=0123456789 --psm 11_15,0.2860722000041278,0.5
pytesseract_-l eng+grc -c tessedit_char_blacklist=0123456789 --psm 11_15,0.33726580000075046,1.0
pytesseract_-l eng+grc -c tessedit_char_blacklist=0123456789 --psm 11_15,0.32968159999290947,1.0
pytesseract_-l eng+grc -c tessedit_char_blacklist=0123456789 --psm 11_15,0.28055559999484103,1.0
pytesseract_-l eng+grc -c tessedit_char_blacklist=0123456789 --psm 11_15,0.31458969999221154,1.0
pytesseract_-l eng+grc -c tessedit_char_blacklist=0123456789 --psm 11_15,0.349453300004825,0.0
pytesseract_-l eng+grc -c tessedit_char_blacklist=0123456789 --psm 11_15,0.3474866999895312,0.0
pytesseract_-l eng+grc -c tessedit_char_blacklist=0123456789 --psm 11_15,0.29597710000234656,0.0
pytesseract_-l eng+grc -c tessedit_char_blacklist=0123456789 --psm 11_15,0.30851249999250285,0.0
pytesseract_-l eng+grc -c tessedit_char_blacklist=0123456789 --psm 11_15,0.3487209000013536,1.0
pytesseract_-l eng+grc -c tessedit_char_blacklist=0123456789 --psm 11_15,0.31490349999512546,0.0
pytesseract_-l eng+grc -c tessedit_char_blacklist=0123456789 --psm 11_15,0.2952847999986261,1.0
pytesseract_-l eng+grc -c tessedit_char_blacklist=0123456789 --psm 11_15,0.38176999999268446,0.25
pytesseract_-l eng+grc -c tessedit_char_blacklist=0123456789 --psm 11_15,0.3252514999912819,0.0
pytesseract_-l eng+grc -c tessedit_char_blacklist=0123456789 --psm 11_15,0.3221281000005547,0.5
pytesseract_-l eng+grc -c tessedit_char_blacklist=0123456789 --psm 11_15,0.30292409998946823,0.0
pytesseract_-l eng+grc -c tessedit_char_blacklist=0123456789 --psm 11_15,0.3173757000040496,1.0
pytesseract_-l eng+grc -c tessedit_char_blacklist=0123456789 --psm 11_15,0.3191276999859838,0.0
pytesseract_-l eng+grc -c tessedit_char_blacklist=0123456789 --psm 11_15,0.3576046999951359,0.25
pytesseract_-l eng+grc -c tessedit_char_blacklist=0123456789 --psm 11_15,0.33425280000665225,0.0
pytesseract_-l eng+grc -c tessedit_char_blacklist=0123456789 --psm 11_15,0.3569816999952309,0.0
pytesseract_-l eng+grc -c tessedit_char_blacklist=0123456789 --psm 11_15,0.28673320000234526,1.0
pytesseract_-l eng+grc -c tessedit_char_blacklist=0123456789 --psm 11_15,0.29835820000153035,0.0
pytesseract_-l eng+grc -c tessedit_char_blacklist=0123456789 --psm 11_15,0.32148899999447167,0.25
pytesseract_-l eng+grc -c tessedit_char_blacklist=0123456789 --psm 11_15,0.3089488999976311,0.5
pytesseract_-l eng+grc -c tessedit_char_blacklist=0123456789 --psm 11_15,0.3065149000030942,0.0
pytesseract_-l eng+grc -c tessedit_char_blacklist=0123456789 --psm 11_15,0.29531789998873137,0.6666666666666666
pytesseract_-l eng+grc -c tessedit_char_blacklist=0123456789 --psm 11_15,0.33156780000717845,1.0
pytesseract_-l eng+grc -c tessedit_char_blacklist=0123456789 --psm 11_15,0.3218182999989949,0.25
pytesseract_-l eng+grc -c tessedit_char_blacklist=0123456789 --psm 11_15,0.3012190000008559,0.0
pytesseract_-l eng+grc -c tessedit_char_blacklist=0123456789 --psm 11_15,0.30983490000653546,0.0
pytesseract_-l eng+grc -c tessedit_char_blacklist=0123456789 --psm 11_15,0.30082459999539424,0.0
pytesseract_-l eng+grc -c tessedit_char_blacklist=0123456789 --psm 11_15,0.3277038999949582,1.0
pytesseract_-l eng+grc -c tessedit_char_blacklist=0123456789 --psm 11_15,0.32987950000097044,0.6666666666666666
pytesseract_-l eng+grc -c tessedit_char_blacklist=0123456789 --psm 11_15,0.29623749999154825,0.6666666666666666
pytesseract_-l eng+grc -c tessedit_char_blacklist=0123456789 --psm 11_15,0.3067280999966897,0.0
pytesseract_-l eng+grc -c tessedit_char_blacklist=0123456789 --psm 11_15,0.3597938000020804,0.0
pytesseract_-l eng+grc -c tessedit_char_blacklist=0123456789 --psm 11_15,0.3629581999994116,1.0
pytesseract_-l eng+grc -c tessedit_char_blacklist=0123456789 --psm 11_15,0.28909700000076555,0.8
pytesseract_-l eng+grc -c tessedit_char_blacklist=0123456789 --psm 11_15,0.32071410000207834,0.6666666666666666
pytesseract_-l eng+grc -c tessedit_char_blacklist=0123456789 --psm 11_15,0.3237315000005765,0.3333333333333333
pytesseract_-l eng+grc -c tessedit_char_blacklist=0123456789 --psm 11_15,0.2658069000026444,1.0
pytesseract_-l eng+grc -c tessedit_char_blacklist=0123456789 --psm 11_15,0.2745971999975154,1.0
